State,StCodeAP,StCodeInd,District,DstCodeAP,DstCodeInd,Mandal,MndCodeAP,MndCodeInd
Andhra Pradesh,28,28,Anantapuramu,21,553,Gooty,06,05310
Andhra Pradesh,28,28,Anantapuramu,21,553,Guntakal,05,05309
Andhra Pradesh,28,28,Anantapuramu,21,553,Yadiki,08,05312
Andhra Pradesh,28,28,Anantapuramu,21,553,Vidapanakal,03,05308
Andhra Pradesh,28,28,Anantapuramu,21,553,Vajrakarur,04,05316
Andhra Pradesh,28,28,Anantapuramu,21,553,Peddavadugur,07,05311
Andhra Pradesh,28,28,Anantapuramu,21,553,D.Hirehal,01,05304
Andhra Pradesh,28,28,Anantapuramu,21,553,Pamidi,12,05315
Andhra Pradesh,28,28,Anantapuramu,21,553,Tadpatri,09,05313
Andhra Pradesh,28,28,Anantapuramu,21,553,Bommanahal,02,05307
Andhra Pradesh,28,28,Anantapuramu,21,553,Peddapappur,10,05314
Andhra Pradesh,28,28,Anantapuramu,21,553,Uravakonda,15,05317
Andhra Pradesh,28,28,Anantapuramu,21,553,Garladinne,13,05324
Andhra Pradesh,28,28,Anantapuramu,21,553,Singanamala,11,05325
Andhra Pradesh,28,28,Anantapuramu,21,553,Kanekal,16,05306
Andhra Pradesh,28,28,Anantapuramu,21,553,Kudair,14,05323
Andhra Pradesh,28,28,Anantapuramu,21,553,Putlur,30,05326
Andhra Pradesh,28,28,Anantapuramu,21,553,Narpala,29,05328
Andhra Pradesh,28,28,Anantapuramu,21,553,Rayadurg,17,05305
Andhra Pradesh,28,28,Anantapuramu,21,553,Bukkaraya  Samudram,28,05329
Andhra Pradesh,28,28,Anantapuramu,21,553,Beluguppa,24,05318
Andhra Pradesh,28,28,Anantapuramu,21,553,Anantapuramu,27,05330
Andhra Pradesh,28,28,Anantapuramu,21,553,Yellanur,31,05327
Andhra Pradesh,28,28,Anantapuramu,21,553,Gummagatta,18,05319
Andhra Pradesh,28,28,Anantapuramu,21,553,Atmakur,25,05322
Andhra Pradesh,28,28,Anantapuramu,21,553,Brahmasamudram,19,05320
Andhra Pradesh,28,28,Anantapuramu,21,553,Kalyandurg,23,05321
Andhra Pradesh,28,28,Sri Sathya Sai,22,754,Tadimarri,01,05338
Andhra Pradesh,28,28,Anantapuramu,21,553,Raptadu,26,05331
Andhra Pradesh,28,28,Sri Sathya Sai,22,754,Bathalapalle,03,05337
Andhra Pradesh,28,28,Sri Sathya Sai,22,754,Kanaganapalle,05,05335
Andhra Pradesh,28,28,Anantapuramu,21,553,Settur,20,05332
Andhra Pradesh,28,28,Sri Sathya Sai,22,754,Mudigubba,02,05339
Andhra Pradesh,28,28,Sri Sathya Sai,22,754,Dharmavaram,04,05336
Andhra Pradesh,28,28,Anantapuramu,21,553,Kambadur,22,05334
Andhra Pradesh,28,28,Anantapuramu,21,553,Kundurpi,21,05333
Andhra Pradesh,28,28,Sri Sathya Sai,22,754,Ramagiri,06,05348
Andhra Pradesh,28,28,Sri Sathya Sai,22,754,Chennekothapalle,07,05347
Andhra Pradesh,28,28,Sri Sathya Sai,22,754,Bukkapatnam,08,05345
Andhra Pradesh,28,28,Sri Sathya Sai,22,754,Talupula,11,05340
Andhra Pradesh,28,28,Sri Sathya Sai,22,754,Kadiri,10,05343
Andhra Pradesh,28,28,Sri Sathya Sai,22,754,Kothacheruvu,19,05346
Andhra Pradesh,28,28,Sri Sathya Sai,22,754,Nallamada,09,05344
Andhra Pradesh,28,28,Sri Sathya Sai,22,754,Penukonda,20,05356
Andhra Pradesh,28,28,Sri Sathya Sai,22,754,Amarapuram,22,05351
Andhra Pradesh,28,28,Sri Sathya Sai,22,754,Nambulipulikunta,12,05341
Andhra Pradesh,28,28,Sri Sathya Sai,22,754,Puttaparthi,18,05357
Andhra Pradesh,28,28,Sri Sathya Sai,22,754,Roddam,21,05349
Andhra Pradesh,28,28,Sri Sathya Sai,22,754,Gandlapenta,13,05342
Andhra Pradesh,28,28,Sri Sathya Sai,22,754,Obuladevaracheruvu,17,05358
Andhra Pradesh,28,28,Sri Sathya Sai,22,754,Gorantla,30,05362
Andhra Pradesh,28,28,Sri Sathya Sai,22,754,Nallacheruvu,14,05359
Andhra Pradesh,28,28,Sri Sathya Sai,22,754,Gudibanda,23,05352
Andhra Pradesh,28,28,Sri Sathya Sai,22,754,Somandepalle,29,05363
Andhra Pradesh,28,28,Sri Sathya Sai,22,754,Madakasira,26,05350
Andhra Pradesh,28,28,Sri Sathya Sai,22,754,Amadagur,16,05361
Andhra Pradesh,28,28,Sri Sathya Sai,22,754,Parigi,27,05355
Andhra Pradesh,28,28,Sri Sathya Sai,22,754,Tanakal,15,05360
Andhra Pradesh,28,28,Sri Sathya Sai,22,754,Rolla,24,05353
Andhra Pradesh,28,28,Sri Sathya Sai,22,754,Hindupur,28,05364
Andhra Pradesh,28,28,Sri Sathya Sai,22,754,Chilamathur,31,05366
Andhra Pradesh,28,28,Sri Sathya Sai,22,754,Agali,25,05354
Andhra Pradesh,28,28,Sri Sathya Sai,22,754,Lepakshi,32,05365
Andhra Pradesh,28,28,Alluri Sitharama Raju,04,745,Y.Ramavaram,22,04886
Andhra Pradesh,28,28,Alluri Sitharama Raju,04,745,Rajavommangi,12,04888
Andhra Pradesh,28,28,Alluri Sitharama Raju,04,745,Addateegala,13,04887
Andhra Pradesh,28,28,Alluri Sitharama Raju,04,745,Maredumilli,21,04884
Andhra Pradesh,28,28,Kakinada,07,746,Kotananduru,01,04889
Andhra Pradesh,28,28,Alluri Sitharama Raju,04,745,Gangavaram,14,04894
Andhra Pradesh,28,28,Alluri Sitharama Raju,04,745,Rampachodavaram,15,04895
Andhra Pradesh,28,28,Kakinada,07,746,Rowthulapudi,03,04891
Andhra Pradesh,28,28,Kakinada,07,746,Tuni,02,04890
Andhra Pradesh,28,28,Alluri Sitharama Raju,04,745,Devipatnam,16,04885
Andhra Pradesh,28,28,Kakinada,07,746,Sankhavaram,04,04892
Andhra Pradesh,28,28,Kakinada,07,746,Prathipadu,08,04900
Andhra Pradesh,28,28,Kakinada,07,746,Yeleswaram,09,04893
Andhra Pradesh,28,28,East Godavari,09,545,Gokavaram,01,04897
Andhra Pradesh,28,28,Kakinada,07,746,Thondangi,05,04901
Andhra Pradesh,28,28,Kakinada,07,746,Jaggampeta,10,04898
Andhra Pradesh,28,28,East Godavari,09,545,Seethanagaram,10,04896
Andhra Pradesh,28,28,Kakinada,07,746,Gollaprolu,07,04902
Andhra Pradesh,28,28,East Godavari,09,545,Korukonda,02,04905
Andhra Pradesh,28,28,Kakinada,07,746,Kirlampudi,13,04899
Andhra Pradesh,28,28,Kakinada,07,746,Pithapuram,14,04911
Andhra Pradesh,28,28,Kakinada,07,746,Gandepalle,11,04904
Andhra Pradesh,28,28,East Godavari,09,545,Rajanagaram,03,04908
Andhra Pradesh,28,28,Kakinada,07,746,Kothapalle,06,04912
Andhra Pradesh,28,28,Kakinada,07,746,Peddapuram,12,04903
Andhra Pradesh,28,28,East Godavari,09,545,Rangampeta,04,04909
Andhra Pradesh,28,28,East Godavari,09,545,Rajahmundry (Rural),08,04907
Andhra Pradesh,28,28,Kakinada,07,746,Samalkota,15,04910
Andhra Pradesh,28,28,Kakinada,07,746,Kakinada (Rural),16,04913
Andhra Pradesh,28,28,East Godavari,09,545,Biccavolu,05,04916
Andhra Pradesh,28,28,Kakinada,07,746,Pedapudi,18,04915
Andhra Pradesh,28,28,Dr.B.R.Ambedkar Konaseema,08,747,Mandapeta,03,04920
Andhra Pradesh,28,28,East Godavari,09,545,Anaparthy,06,04917
Andhra Pradesh,28,28,Kakinada,07,746,Karapa,19,04922
Andhra Pradesh,28,28,Dr.B.R.Ambedkar Konaseema,08,747,Atreyapuram,01,04919
Andhra Pradesh,28,28,East Godavari,09,545,Kadiam,07,04918
Andhra Pradesh,28,28,Dr.B.R.Ambedkar Konaseema,08,747,Rayavaram,04,04921
Andhra Pradesh,28,28,Dr.B.R.Ambedkar Konaseema,08,747,Ramachandrapuram,05,04924
Andhra Pradesh,28,28,Kakinada,07,746,Thallarevu,21,04930
Andhra Pradesh,28,28,Dr.B.R.Ambedkar Konaseema,08,747,Alamuru,02,04925
Andhra Pradesh,28,28,Kakinada,07,746,Kajuluru,20,04923
Andhra Pradesh,28,28,Dr.B.R.Ambedkar Konaseema,08,747,Kapileswarapuram,07,04928
Andhra Pradesh,28,28,Dr.B.R.Ambedkar Konaseema,08,747,Pamarru,06,04929
Andhra Pradesh,28,28,Dr.B.R.Ambedkar Konaseema,08,747,Ravulapalem,08,04926
Andhra Pradesh,28,28,Dr.B.R.Ambedkar Konaseema,08,747,Katrenikona,13,04943
Andhra Pradesh,28,28,Dr.B.R.Ambedkar Konaseema,08,747,Kothapeta,09,04927
Andhra Pradesh,28,28,Dr.B.R.Ambedkar Konaseema,08,747,Ainavilli,10,04933
Andhra Pradesh,28,28,Dr.B.R.Ambedkar Konaseema,08,747,I. Polavaram,12,04931
Andhra Pradesh,28,28,Dr.B.R.Ambedkar Konaseema,08,747,Mummidivaram,11,04932
Andhra Pradesh,28,28,Dr.B.R.Ambedkar Konaseema,08,747,P.Gannavaram,17,04934
Andhra Pradesh,28,28,Dr.B.R.Ambedkar Konaseema,08,747,Ambajipeta,16,04935
Andhra Pradesh,28,28,Dr.B.R.Ambedkar Konaseema,08,747,Amalapuram,15,04941
Andhra Pradesh,28,28,Dr.B.R.Ambedkar Konaseema,08,747,Uppalaguptam,14,04942
Andhra Pradesh,28,28,Dr.B.R.Ambedkar Konaseema,08,747,Mamidikuduru,21,04936
Andhra Pradesh,28,28,Dr.B.R.Ambedkar Konaseema,08,747,Allavaram,22,04940
Andhra Pradesh,28,28,Dr.B.R.Ambedkar Konaseema,08,747,Razole,20,04937
Andhra Pradesh,28,28,Dr.B.R.Ambedkar Konaseema,08,747,Malikipuram,19,04938
Andhra Pradesh,28,28,Dr.B.R.Ambedkar Konaseema,08,747,Sakhinetipalle,18,04939
Andhra Pradesh,28,28,Bapatla,15,750,Karlapalem,11,05092
Andhra Pradesh,28,28,Bapatla,15,750,Bapatla,12,05093
Andhra Pradesh,28,28,Palnadu,16,751,Nuzendla,22,05063
Andhra Pradesh,28,28,Bapatla,15,750,Repalle,06,05096
Andhra Pradesh,28,28,Palnadu,16,751,Atchampet,01,05050
Andhra Pradesh,28,28,Palnadu,16,751,Bellamkonda,05,05049
Andhra Pradesh,28,28,Palnadu,16,751,Dachepalle,14,05045
Andhra Pradesh,28,28,Palnadu,16,751,Machavaram,06,05048
Andhra Pradesh,28,28,Palnadu,16,751,Gurazala,15,05044
Andhra Pradesh,28,28,Palnadu,16,751,Rentachintala,16,05043
Andhra Pradesh,28,28,Palnadu,16,751,Amaravathi,02,05052
Andhra Pradesh,28,28,Palnadu,16,751,Krosuru,04,05051
Andhra Pradesh,28,28,Guntur,14,548,Thullur,01,05053
Andhra Pradesh,28,28,Palnadu,16,751,Macherla,17,05040
Andhra Pradesh,28,28,Palnadu,16,751,Piduguralla,07,05047
Andhra Pradesh,28,28,Palnadu,16,751,Pedakurapadu,03,05057
Andhra Pradesh,28,28,Palnadu,16,751,Karempudi,13,05046
Andhra Pradesh,28,28,Guntur,14,548,Tadepalle,02,05054
Andhra Pradesh,28,28,Palnadu,16,751,Sattenapalle,09,05058
Andhra Pradesh,28,28,Guntur,14,548,Mangalagiri,03,05055
Andhra Pradesh,28,28,Palnadu,16,751,Durgi,19,05042
Andhra Pradesh,28,28,Palnadu,16,751,Rajupalem,08,05059
Andhra Pradesh,28,28,Guntur,14,548,Tadikonda,04,05056
Andhra Pradesh,28,28,Palnadu,16,751,Veldurthi,18,05041
Andhra Pradesh,28,28,Palnadu,16,751,Nekarikallu,11,05060
Andhra Pradesh,28,28,Guntur,14,548,Medikonduru,05,05073
Andhra Pradesh,28,28,Palnadu,16,751,Muppalla,10,05068
Andhra Pradesh,28,28,Guntur,14,548,Duggirala,10,05076
Andhra Pradesh,28,28,Palnadu,16,751,Bollapalle,20,05061
Andhra Pradesh,28,28,Guntur,14,548,Guntur Urban,08,05074
Andhra Pradesh,28,28,Guntur,14,548,Pedakakani,09,05075
Andhra Pradesh,28,28,Guntur,14,548,Phirangipuram,06,05072
Andhra Pradesh,28,28,Palnadu,16,751,Rompicherla,24,05066
Andhra Pradesh,28,28,Palnadu,16,751,Narasaraopet,25,05067
Andhra Pradesh,28,28,Guntur,14,548,Tenali,12,05078
Andhra Pradesh,28,28,Guntur,14,548,Kollipara,11,05077
Andhra Pradesh,28,28,Palnadu,16,751,Ipur,12,05065
Andhra Pradesh,28,28,Guntur,14,548,Chebrolu,13,05079
Andhra Pradesh,28,28,Palnadu,16,751,Edlapadu,27,05071
Andhra Pradesh,28,28,Palnadu,16,751,Nadendla,26,05069
Andhra Pradesh,28,28,Guntur,14,548,Vatticherukuru,14,05080
Andhra Pradesh,28,28,Guntur,14,548,Prathipadu,15,05081
Andhra Pradesh,28,28,Bapatla,15,750,Tsundur,01,05085
Andhra Pradesh,28,28,Bapatla,15,750,Vemuru,03,05087
Andhra Pradesh,28,28,Bapatla,15,750,Amruthalur,02,05086
Andhra Pradesh,28,28,Palnadu,16,751,Savalyapuram,23,05064
Andhra Pradesh,28,28,Palnadu,16,751,Chilakaluripet,28,05070
Andhra Pradesh,28,28,Guntur,14,548,Ponnur,18,05084
Andhra Pradesh,28,28,Guntur,14,548,Pedanandipadu,16,05082
Andhra Pradesh,28,28,Guntur,14,548,Kakumanu,17,05083
Andhra Pradesh,28,28,Palnadu,16,751,Vinukonda,21,05062
Andhra Pradesh,28,28,Bapatla,15,750,Cherukupalle,09,05090
Andhra Pradesh,28,28,Bapatla,15,750,Pittalavanipalem,10,05091
Andhra Pradesh,28,28,Bapatla,15,750,Nagaram,08,05095
Andhra Pradesh,28,28,Bapatla,15,750,Kollur,04,05088
Andhra Pradesh,28,28,Bapatla,15,750,Bhattiprolu,05,05089
Andhra Pradesh,28,28,Bapatla,15,750,Nizampatnam,07,05094
Andhra Pradesh,28,28,Krishna,12,547,Nagayalanka,21,05038
Andhra Pradesh,28,28,NTR,13,749,Tiruvuru,02,04997
Andhra Pradesh,28,28,NTR,13,749,Gampalagudem,01,04996
Andhra Pradesh,28,28,NTR,13,749,A.Konduru,04,04998
Andhra Pradesh,28,28,NTR,13,749,Vatsavai,11,04990
Andhra Pradesh,28,28,NTR,13,749,Jaggayyapeta,12,04991
Andhra Pradesh,28,28,NTR,13,749,Penuganchiprolu,10,04992
Andhra Pradesh,28,28,NTR,13,749,Reddigudem,05,04999
Andhra Pradesh,28,28,NTR,13,749,Mylavaram,06,04995
Andhra Pradesh,28,28,NTR,13,749,Nandigama,09,04993
Andhra Pradesh,28,28,NTR,13,749,Veerullapadu,08,04994
Andhra Pradesh,28,28,NTR,13,749,Chandarlapadu,13,05008
Andhra Pradesh,28,28,NTR,13,749,G.Konduru,07,05006
Andhra Pradesh,28,28,NTR,13,749,Kanchikacherla,14,05007
Andhra Pradesh,28,28,NTR,13,749,Vijayawada (Rural),16,05011
Andhra Pradesh,28,28,NTR,13,749,Ibrahimpatnam,15,05009
Andhra Pradesh,28,28,Krishna,12,547,Gannavaram,01,05012
Andhra Pradesh,28,28,Krishna,12,547,Penamaluru,06,05024
Andhra Pradesh,28,28,NTR,13,749,Vissannapet,03,05000
Andhra Pradesh,28,28,Eluru,11,748,Chatrai,12,05001
Andhra Pradesh,28,28,Eluru,11,748,Musunuru,28,05002
Andhra Pradesh,28,28,Eluru,11,748,Nuzvid,27,05003
Andhra Pradesh,28,28,Eluru,11,748,Agiripalle,26,05005
Andhra Pradesh,28,28,Krishna,12,547,Bapulapadu,02,05004
Andhra Pradesh,28,28,Eluru,11,748,Kaikalur,20,05016
Andhra Pradesh,28,28,Eluru,11,748,Mandavalli,23,05015
Andhra Pradesh,28,28,Krishna,12,547,Unguturu,04,05013
Andhra Pradesh,28,28,Krishna,12,547,Nandivada,03,05014
Andhra Pradesh,28,28,Eluru,11,748,Kalidindi,21,05017
Andhra Pradesh,28,28,Krishna,12,547,Kankipadu,05,05023
Andhra Pradesh,28,28,Eluru,11,748,Mudinepalle,22,05020
Andhra Pradesh,28,28,Krishna,12,547,Pedaparupudi,09,05022
Andhra Pradesh,28,28,Krishna,12,547,Gudivada,10,05021
Andhra Pradesh,28,28,Krishna,12,547,Bantumilli,17,05019
Andhra Pradesh,28,28,Krishna,12,547,Vuyyuru,08,05027
Andhra Pradesh,28,28,Krishna,12,547,Kruthivennu,18,05018
Andhra Pradesh,28,28,Krishna,12,547,Thotlavalluru,07,05025
Andhra Pradesh,28,28,Krishna,12,547,Pedana,16,05030
Andhra Pradesh,28,28,Krishna,12,547,Gudlavalleru,11,05029
Andhra Pradesh,28,28,Krishna,12,547,Pamidimukkala,13,05026
Andhra Pradesh,28,28,Krishna,12,547,Pamarru,12,05028
Andhra Pradesh,28,28,Krishna,12,547,Machilipatnam,19,05034
Andhra Pradesh,28,28,Krishna,12,547,Movva,14,05032
Andhra Pradesh,28,28,Krishna,12,547,Guduru,15,05031
Andhra Pradesh,28,28,Krishna,12,547,Ghantasala,25,05033
Andhra Pradesh,28,28,Krishna,12,547,Challapalle,24,05035
Andhra Pradesh,28,28,Krishna,12,547,Mopidevi,23,05036
Andhra Pradesh,28,28,Krishna,12,547,Koduru,20,05039
Andhra Pradesh,28,28,Krishna,12,547,Avanigadda,22,05037
Andhra Pradesh,28,28,Anakapalli,06,744,Makavarapalem,15,04875
Andhra Pradesh,28,28,Anakapalli,06,744,Golugonda,19,04853
Andhra Pradesh,28,28,Anakapalli,06,744,Kasimkota,10,04876
Andhra Pradesh,28,28,Anakapalli,06,744,Kotauratla,21,04874
Andhra Pradesh,28,28,Anakapalli,06,744,Narsipatnam,18,04854
Andhra Pradesh,28,28,Anakapalli,06,744,Nathavaram,20,04852
Andhra Pradesh,28,28,Anakapalli,06,744,Nakkapalle,23,04880
Andhra Pradesh,28,28,Anakapalli,06,744,Paravada,04,04870
Andhra Pradesh,28,28,Anakapalli,06,744,Munagapaka,11,04877
Andhra Pradesh,28,28,Anakapalli,06,744,Atchutapuram,12,04878
Andhra Pradesh,28,28,Alluri Sitharama Raju,04,745,Dumbriguda,03,04843
Andhra Pradesh,28,28,Alluri Sitharama Raju,04,745,Araku Valley,04,04844
Andhra Pradesh,28,28,Alluri Sitharama Raju,04,745,Chintapalle,09,04849
Andhra Pradesh,28,28,Anakapalli,06,744,Madugula,08,04857
Andhra Pradesh,28,28,Anakapalli,06,744,Butchayyapeta,09,04873
Andhra Pradesh,28,28,Alluri Sitharama Raju,04,745,Ananthagiri,05,04845
Andhra Pradesh,28,28,East Godavari,09,545,Rajahmundry (Urban),09,04906
Andhra Pradesh,28,28,Kakinada,07,746,Kakinada (Urban),17,04914
Andhra Pradesh,28,28,NTR,13,749,Vijayawada (Urban),19,05010
Andhra Pradesh,28,28,Anakapalli,06,744,Devarapalle,01,04859
Andhra Pradesh,28,28,Visakhapatnam,05,544,Padmanabham,01,04864
Andhra Pradesh,28,28,Anakapalli,06,744,Cheedikada,07,04858
Andhra Pradesh,28,28,Visakhapatnam,05,544,Bheemunipatnam,02,04865
Andhra Pradesh,28,28,Visakhapatnam,05,544,Anandapuram,03,04863
Andhra Pradesh,28,28,Anakapalli,06,744,K.Kotapadu,02,04860
Andhra Pradesh,28,28,Anakapalli,06,744,Chodavaram,06,04872
Andhra Pradesh,28,28,Anakapalli,06,744,Anakapalle,05,04871
Andhra Pradesh,28,28,Visakhapatnam,05,544,Gajuwaka,10,04869
Andhra Pradesh,28,28,Anakapalli,06,744,Yelamanchili,14,04879
Andhra Pradesh,28,28,Anakapalli,06,744,S.Rayavaram,22,04882
Andhra Pradesh,28,28,Anakapalli,06,744,Payakaraopeta,24,04881
Andhra Pradesh,28,28,Visakhapatnam,05,544,Pedagantyada,11,04868
Andhra Pradesh,28,28,Anakapalli,06,744,Rambilli,13,04883
Andhra Pradesh,28,28,Alluri Sitharama Raju,04,745,Peda Bayalu,02,04842
Andhra Pradesh,28,28,Anakapalli,06,744,Ravikamatham,16,04856
Andhra Pradesh,28,28,Anakapalli,06,744,Rolugunta,17,04855
Andhra Pradesh,28,28,Visakhapatnam,05,544,Pendurthi,04,04862
Andhra Pradesh,28,28,Anakapalli,06,744,Sabbavaram,03,04861
Andhra Pradesh,28,28,Visakhapatnam,05,544,Visakhapatnam (Rural),05,04866
Andhra Pradesh,28,28,Alluri Sitharama Raju,04,745,Paderu,07,04847
Andhra Pradesh,28,28,Alluri Sitharama Raju,04,745,Munchingi Puttu,01,04841
Andhra Pradesh,28,28,Alluri Sitharama Raju,04,745,Gudem Kotha Veedhi,10,04850
Andhra Pradesh,28,28,Alluri Sitharama Raju,04,745,Koyyuru,11,04851
Andhra Pradesh,28,28,Alluri Sitharama Raju,04,745,Hukumpeta,06,04846
Andhra Pradesh,28,28,Y.S.R.Kadapa,23,551,Kalasapadu,01,05207
Andhra Pradesh,28,28,Y.S.R.Kadapa,23,551,Porumamilla,02,05208
Andhra Pradesh,28,28,Y.S.R.Kadapa,23,551,Sri Avadhutha Kasinayana,03,05206
Andhra Pradesh,28,28,Y.S.R.Kadapa,23,551,Peddamudium,36,05201
Andhra Pradesh,28,28,Y.S.R.Kadapa,23,551,Mylavaram,34,05200
Andhra Pradesh,28,28,Y.S.R.Kadapa,23,551,Duvvur,24,05203
Andhra Pradesh,28,28,Y.S.R.Kadapa,23,551,Rajupalem,25,05202
Andhra Pradesh,28,28,Y.S.R.Kadapa,23,551,Kondapuram,33,05199
Andhra Pradesh,28,28,Y.S.R.Kadapa,23,551,B.Kodur,06,05209
Andhra Pradesh,28,28,Y.S.R.Kadapa,23,551,Brahmamgarimattam,05,05205
Andhra Pradesh,28,28,Y.S.R.Kadapa,23,551,Jammalamadugu,35,05215
Andhra Pradesh,28,28,Y.S.R.Kadapa,23,551,S.Mydukur,04,05204
Andhra Pradesh,28,28,Y.S.R.Kadapa,23,551,Proddatur,26,05214
Andhra Pradesh,28,28,Y.S.R.Kadapa,23,551,Gopavaram,07,05211
Andhra Pradesh,28,28,Y.S.R.Kadapa,23,551,Badvel,08,05210
Andhra Pradesh,28,28,Y.S.R.Kadapa,23,551,Chapad,23,05213
Andhra Pradesh,28,28,Y.S.R.Kadapa,23,551,Muddanur,28,05216
Andhra Pradesh,28,28,Y.S.R.Kadapa,23,551,Yerraguntla,27,05223
Andhra Pradesh,28,28,Y.S.R.Kadapa,23,551,Simhadripuram,32,05217
Andhra Pradesh,28,28,Y.S.R.Kadapa,23,551,Khajipet,12,05212
Andhra Pradesh,28,28,Y.S.R.Kadapa,23,551,Kamalapuram,22,05224
Andhra Pradesh,28,28,Y.S.R.Kadapa,23,551,Atlur,09,05227
Andhra Pradesh,28,28,Y.S.R.Kadapa,23,551,Thondur,29,05221
Andhra Pradesh,28,28,Y.S.R.Kadapa,23,551,Vallur,21,05225
Andhra Pradesh,28,28,Y.S.R.Kadapa,23,551,Veerapunayunipalle,20,05222
Andhra Pradesh,28,28,Y.S.R.Kadapa,23,551,Chennur,13,05226
Andhra Pradesh,28,28,Y.S.R.Kadapa,23,551,Lingala,31,05218
Andhra Pradesh,28,28,Y.S.R.Kadapa,23,551,Y.S.R.Kadapa,14,05230
Andhra Pradesh,28,28,Y.S.R.Kadapa,23,551,Pendlimarri,16,05232
Andhra Pradesh,28,28,Y.S.R.Kadapa,23,551,Sidhout,11,05229
Andhra Pradesh,28,28,Y.S.R.Kadapa,23,551,Vemula,18,05220
Andhra Pradesh,28,28,Y.S.R.Kadapa,23,551,Chinthakommadinne,15,05231
Andhra Pradesh,28,28,Y.S.R.Kadapa,23,551,Pulivendla,30,05219
Andhra Pradesh,28,28,Y.S.R.Kadapa,23,551,Vempalle,19,05233
Andhra Pradesh,28,28,Annamayya,24,753,Penagalur,02,05244
Andhra Pradesh,28,28,Y.S.R.Kadapa,23,551,Vontimitta,10,05228
Andhra Pradesh,28,28,Annamayya,24,753,Nandalur,01,05243
Andhra Pradesh,28,28,Y.S.R.Kadapa,23,551,Chakrayapet,17,05234
Andhra Pradesh,28,28,Annamayya,24,753,Chitvel,03,05245
Andhra Pradesh,28,28,Annamayya,24,753,Ramapuram,09,05241
Andhra Pradesh,28,28,Annamayya,24,753,Lakkireddipalle,10,05240
Andhra Pradesh,28,28,Annamayya,24,753,Rajampet,07,05246
Andhra Pradesh,28,28,Annamayya,24,753,Veeraballe,08,05242
Andhra Pradesh,28,28,Annamayya,24,753,Pullampeta,06,05247
Andhra Pradesh,28,28,Annamayya,24,753,Galiveedu,11,05235
Andhra Pradesh,28,28,Annamayya,24,753,Obulavaripalle,05,05248
Andhra Pradesh,28,28,Annamayya,24,753,Rayachoti,12,05239
Andhra Pradesh,28,28,Annamayya,24,753,T Sundupalle,13,05238
Andhra Pradesh,28,28,Annamayya,24,753,Sambepalle,15,05237
Andhra Pradesh,28,28,Annamayya,24,753,Chinnamandem,16,05236
Andhra Pradesh,28,28,Annamayya,24,753,Kodur,04,05249
Andhra Pradesh,28,28,Nandyal,20,755,Jupadu Bungalow,06,05262
Andhra Pradesh,28,28,Nandyal,20,755,Atmakur,02,05265
Andhra Pradesh,28,28,Kurnool,19,552,Mantralayam,03,05250
Andhra Pradesh,28,28,Kurnool,19,552,Kowthalam,01,05252
Andhra Pradesh,28,28,Kurnool,19,552,Kurnool Rural,06,05259
Andhra Pradesh,28,28,Nandyal,20,755,Pamulapadu,07,05266
Andhra Pradesh,28,28,Kurnool,19,552,Kosigi,02,05251
Andhra Pradesh,28,28,Kurnool,19,552,C.Belagal,05,05256
Andhra Pradesh,28,28,Nandyal,20,755,Nandikotkur,05,05260
Andhra Pradesh,28,28,Kurnool,19,552,Nandavaram,04,05255
Andhra Pradesh,28,28,Kurnool,19,552,Gudur,10,05257
Andhra Pradesh,28,28,Kurnool,19,552,Yemmiganur,13,05254
Andhra Pradesh,28,28,Kurnool,19,552,Pedda Kadubur,14,05253
Andhra Pradesh,28,28,Kurnool,19,552,Kallur,09,05258
Andhra Pradesh,28,28,Nandyal,20,755,Midthur,08,05267
Andhra Pradesh,28,28,Kurnool,19,552,Gonegandla,12,05270
Andhra Pradesh,28,28,Kurnool,19,552,Adoni,15,05271
Andhra Pradesh,28,28,Kurnool,19,552,Kodumur,11,05269
Andhra Pradesh,28,28,Kurnool,19,552,Orvakal,08,05268
Andhra Pradesh,28,28,Nandyal,20,755,Velgode,10,05282
Andhra Pradesh,28,28,Nandyal,20,755,Gadivemula,09,05281
Andhra Pradesh,28,28,Kurnool,19,552,Devanakonda,17,05276
Andhra Pradesh,28,28,Kurnool,19,552,Aspari,16,05275
Andhra Pradesh,28,28,Kurnool,19,552,Krishnagiri,18,05277
Andhra Pradesh,28,28,Nandyal,20,755,Bandi Atmakur,11,05283
Andhra Pradesh,28,28,Kurnool,19,552,Veldurthi,19,05278
Andhra Pradesh,28,28,Kurnool,19,552,Holagunda,23,05272
Andhra Pradesh,28,28,Nandyal,20,755,Panyam,14,05280
Andhra Pradesh,28,28,Nandyal,20,755,Bethamcherla,15,05279
Andhra Pradesh,28,28,Nandyal,20,755,Nandyal,13,05284
Andhra Pradesh,28,28,Kurnool,19,552,Alur,22,05274
Andhra Pradesh,28,28,Nandyal,20,755,Mahanandi,12,05285
Andhra Pradesh,28,28,Kurnool,19,552,Pattikonda,21,05290
Andhra Pradesh,28,28,Nandyal,20,755,Dhone,29,05289
Andhra Pradesh,28,28,Nandyal,20,755,Banaganapalle,16,05288
Andhra Pradesh,28,28,Kurnool,19,552,Tuggali,20,05293
Andhra Pradesh,28,28,Kurnool,19,552,Halaharvi,24,05273
Andhra Pradesh,28,28,Nandyal,20,755,Sirvel,18,05286
Andhra Pradesh,28,28,Nandyal,20,755,Gospadu,17,05287
Andhra Pradesh,28,28,Nandyal,20,755,Rudravaram,19,05297
Andhra Pradesh,28,28,Kurnool,19,552,Maddikera (East),26,05292
Andhra Pradesh,28,28,Kurnool,19,552,Chippagiri,25,05291
Andhra Pradesh,28,28,Nandyal,20,755,Peapally,28,05294
Andhra Pradesh,28,28,Nandyal,20,755,Dornipadu,22,05299
Andhra Pradesh,28,28,Nandyal,20,755,Koilkuntla,23,05296
Andhra Pradesh,28,28,Nandyal,20,755,Owk,27,05295
Andhra Pradesh,28,28,Nandyal,20,755,Allagadda,21,05298
Andhra Pradesh,28,28,Nandyal,20,755,Sanjamala,25,05300
Andhra Pradesh,28,28,Nandyal,20,755,Uyyalawada,24,05302
Andhra Pradesh,28,28,Nandyal,20,755,Kolimigundla,26,05301
Andhra Pradesh,28,28,Nandyal,20,755,Chagalamarri,20,05303
Andhra Pradesh,28,28,Nandyal,20,755,Srisailam,01,05264
Andhra Pradesh,28,28,Nandyal,20,755,Kothapalle,03,05263
Andhra Pradesh,28,28,Nandyal,20,755,Pagidyala,04,05261
Andhra Pradesh,28,28,Sri Potti Sriramulu Nellore,18,550,Varikuntapadu,02,05155
Andhra Pradesh,28,28,Sri Potti Sriramulu Nellore,18,550,Seetharamapuram,01,05153
Andhra Pradesh,28,28,Sri Potti Sriramulu Nellore,18,550,Kondapuram,03,05156
Andhra Pradesh,28,28,Sri Potti Sriramulu Nellore,18,550,Udayagiri,14,05154
Andhra Pradesh,28,28,Sri Potti Sriramulu Nellore,18,550,Kavali,09,05158
Andhra Pradesh,28,28,Sri Potti Sriramulu Nellore,18,550,Vinjamur,12,05161
Andhra Pradesh,28,28,Sri Potti Sriramulu Nellore,18,550,Jaladanki,10,05157
Andhra Pradesh,28,28,Sri Potti Sriramulu Nellore,18,550,Duttalur,13,05162
Andhra Pradesh,28,28,Sri Potti Sriramulu Nellore,18,550,Kaligiri,11,05160
Andhra Pradesh,28,28,Sri Potti Sriramulu Nellore,18,550,Bogole,20,05159
Andhra Pradesh,28,28,Sri Potti Sriramulu Nellore,18,550,Anumasamudrampeta,18,05165
Andhra Pradesh,28,28,Sri Potti Sriramulu Nellore,18,550,Marripadu,15,05163
Andhra Pradesh,28,28,Sri Potti Sriramulu Nellore,18,550,Atmakur,17,05164
Andhra Pradesh,28,28,Sri Potti Sriramulu Nellore,18,550,Allur,21,05167
Andhra Pradesh,28,28,Sri Potti Sriramulu Nellore,18,550,Dagadarthi,19,05166
Andhra Pradesh,28,28,Sri Potti Sriramulu Nellore,18,550,Vidavalur,22,05168
Andhra Pradesh,28,28,Sri Potti Sriramulu Nellore,18,550,Sangam,25,05171
Andhra Pradesh,28,28,Sri Potti Sriramulu Nellore,18,550,Kodavalur,23,05169
Andhra Pradesh,28,28,Sri Potti Sriramulu Nellore,18,550,Ananthasagaram,16,05173
Andhra Pradesh,28,28,Sri Potti Sriramulu Nellore,18,550,Buchireddipalem,24,05170
Andhra Pradesh,28,28,Sri Potti Sriramulu Nellore,18,550,Chejerla,26,05172
Andhra Pradesh,28,28,Sri Potti Sriramulu Nellore,18,550,Podalakur,30,05176
Andhra Pradesh,28,28,Sri Potti Sriramulu Nellore,18,550,Indukurpet,34,05179
Andhra Pradesh,28,28,Sri Potti Sriramulu Nellore,18,550,Kaluvoya,27,05174
Andhra Pradesh,28,28,Sri Potti Sriramulu Nellore,18,550,Kovur,33,05178
Andhra Pradesh,28,28,Sri Potti Sriramulu Nellore,18,550,Nellore Rural,31,05177
Andhra Pradesh,28,28,Sri Potti Sriramulu Nellore,18,550,Thotapalligudur,35,05180
Andhra Pradesh,28,28,Sri Potti Sriramulu Nellore,18,550,Rapur,28,05175
Andhra Pradesh,28,28,Sri Potti Sriramulu Nellore,18,550,Venkatachalam,37,05182
Andhra Pradesh,28,28,Sri Potti Sriramulu Nellore,18,550,Muthukur,36,05181
Andhra Pradesh,28,28,Sri Potti Sriramulu Nellore,18,550,Manubolu,38,05183
Andhra Pradesh,28,28,Sri Potti Sriramulu Nellore,18,550,Sydapuram,29,05185
Andhra Pradesh,28,28,Tirupati,26,752,Gudur,03,05184
Andhra Pradesh,28,28,Tirupati,26,752,Chillakur,04,05190
Andhra Pradesh,28,28,Tirupati,26,752,Kota,05,05191
Andhra Pradesh,28,28,Tirupati,26,752,Dakkili,01,05186
Andhra Pradesh,28,28,Tirupati,26,752,Balayapalle,02,05188
Andhra Pradesh,28,28,Visakhapatnam,05,544,Maharanipeta,07,04867
Andhra Pradesh,28,28,Tirupati,26,752,Vakadu,09,05192
Andhra Pradesh,28,28,Tirupati,26,752,Ojili,06,05189
Andhra Pradesh,28,28,Tirupati,26,752,Venkatagiri,14,05187
Andhra Pradesh,28,28,Tirupati,26,752,Chittamur,08,05193
Andhra Pradesh,28,28,Tirupati,26,752,Naidupet,07,05194
Andhra Pradesh,28,28,Tirupati,26,752,Pellakur,12,05195
Andhra Pradesh,28,28,Tirupati,26,752,Doravarisatram,11,05196
Andhra Pradesh,28,28,Tirupati,26,752,Sullurpeta,10,05197
Andhra Pradesh,28,28,Tirupati,26,752,Tada,31,05198
Andhra Pradesh,28,28,Bapatla,15,750,Janakavarampanguluru,22,05111
Andhra Pradesh,28,28,Bapatla,15,750,Martur,17,05106
Andhra Pradesh,28,28,Prakasam,17,549,Donakonda,07,05102
Andhra Pradesh,28,28,Bapatla,15,750,Karamchedu,14,05109
Andhra Pradesh,28,28,Prakasam,17,549,Peda  Araveedu,04,05101
Andhra Pradesh,28,28,Prakasam,17,549,Kurichedu,08,05103
Andhra Pradesh,28,28,Prakasam,17,549,Dornala,05,05100
Andhra Pradesh,28,28,Prakasam,17,549,Mundlamuru,10,05113
Andhra Pradesh,28,28,Bapatla,15,750,Inkollu,23,05110
Andhra Pradesh,28,28,Bapatla,15,750,Addanki,20,05112
Andhra Pradesh,28,28,Prakasam,17,549,Darsi,09,05114
Andhra Pradesh,28,28,Bapatla,15,750,Chirala,13,05123
Andhra Pradesh,28,28,Bapatla,15,750,Chinaganjam,24,05125
Andhra Pradesh,28,28,Bapatla,15,750,Vetapalem,25,05124
Andhra Pradesh,28,28,Prakasam,17,549,Markapur,06,05115
Andhra Pradesh,28,28,Prakasam,17,549,Ardhaveedu,16,05116
Andhra Pradesh,28,28,Prakasam,17,549,Naguluppalapadu,26,05126
Andhra Pradesh,28,28,Bapatla,15,750,Korisapadu,21,05122
Andhra Pradesh,28,28,Prakasam,17,549,Thallur,11,05121
Andhra Pradesh,28,28,Prakasam,17,549,Tarlupadu,14,05118
Andhra Pradesh,28,28,Prakasam,17,549,Konakanamitla,13,05119
Andhra Pradesh,28,28,Prakasam,17,549,Podili,12,05120
Andhra Pradesh,28,28,Prakasam,17,549,Maddipadu,25,05127
Andhra Pradesh,28,28,Prakasam,17,549,Chimakurthi,24,05128
Andhra Pradesh,28,28,Prakasam,17,549,Cumbum,15,05117
Andhra Pradesh,28,28,Prakasam,17,549,Santhanuthala Padu,32,05138
Andhra Pradesh,28,28,Prakasam,17,549,Racherla,18,05132
Andhra Pradesh,28,28,Prakasam,17,549,Bestawaripeta,20,05131
Andhra Pradesh,28,28,Prakasam,17,549,Marripudi,23,05129
Andhra Pradesh,28,28,Prakasam,17,549,Ongole,27,05139
Andhra Pradesh,28,28,Prakasam,17,549,Giddalur,17,05133
Andhra Pradesh,28,28,Prakasam,17,549,Hanumanthunipadu,21,05130
Andhra Pradesh,28,28,Prakasam,17,549,Kanigiri,22,05136
Andhra Pradesh,28,28,Prakasam,17,549,Kotha Patnam,28,05140
Andhra Pradesh,28,28,Prakasam,17,549,Kondapi,33,05137
Andhra Pradesh,28,28,Prakasam,17,549,Tangutur,29,05141
Andhra Pradesh,28,28,Prakasam,17,549,Veligandla,38,05135
Andhra Pradesh,28,28,Prakasam,17,549,Komarolu,19,05134
Andhra Pradesh,28,28,Prakasam,17,549,Zarugumilli,31,05142
Andhra Pradesh,28,28,Prakasam,17,549,Ponnaluru,34,05143
Andhra Pradesh,28,28,Prakasam,17,549,Pedacherlo Palle,35,05144
Andhra Pradesh,28,28,Sri Potti Sriramulu Nellore,18,550,Kandukur,06,05148
Andhra Pradesh,28,28,Prakasam,17,549,Singarayakonda,30,05149
Andhra Pradesh,28,28,Prakasam,17,549,Chandrasekhara Puram,37,05145
Andhra Pradesh,28,28,Sri Potti Sriramulu Nellore,18,550,Voletivaripalem,05,05147
Andhra Pradesh,28,28,Prakasam,17,549,Pamur,36,05146
Andhra Pradesh,28,28,Sri Potti Sriramulu Nellore,18,550,Ulavapadu,07,05152
Andhra Pradesh,28,28,Sri Potti Sriramulu Nellore,18,550,Gudluru,08,05151
Andhra Pradesh,28,28,Sri Potti Sriramulu Nellore,18,550,Lingasamudram,04,05150
Andhra Pradesh,28,28,Prakasam,17,549,Pullalacheruvu,02,05098
Andhra Pradesh,28,28,Prakasam,17,549,Yerragondapalem,01,05097
Andhra Pradesh,28,28,Bapatla,15,750,Santhamaguluru,19,05104
Andhra Pradesh,28,28,Bapatla,15,750,Ballikurava,18,05105
Andhra Pradesh,28,28,Prakasam,17,549,Tripuranthakam,03,05099
Andhra Pradesh,28,28,Bapatla,15,750,Parchur,15,05108
Andhra Pradesh,28,28,Bapatla,15,750,Yeddanapudi,16,05107
Andhra Pradesh,28,28,Srikakulam,01,542,Ichchapuram,30,04778
Andhra Pradesh,28,28,Srikakulam,01,542,Kanchili,28,04777
Andhra Pradesh,28,28,Srikakulam,01,542,Kaviti,29,04779
Andhra Pradesh,28,28,Parvathipuram Manyam,03,743,Bhamini,04,04771
Andhra Pradesh,28,28,Srikakulam,01,542,Sompeta,27,04780
Andhra Pradesh,28,28,Srikakulam,01,542,Mandasa,26,04776
Andhra Pradesh,28,28,Srikakulam,01,542,Meliaputti,22,04774
Andhra Pradesh,28,28,Srikakulam,01,542,Kothuru,01,04772
Andhra Pradesh,28,28,Srikakulam,01,542,Palasa,25,04775
Andhra Pradesh,28,28,Srikakulam,01,542,Pathapatnam,21,04773
Andhra Pradesh,28,28,Srikakulam,01,542,Vajrapukothuru,24,04781
Andhra Pradesh,28,28,Parvathipuram Manyam,03,743,Veeraghattam,07,04769
Andhra Pradesh,28,28,Srikakulam,01,542,Hiramandalam,02,04783
Andhra Pradesh,28,28,Srikakulam,01,542,Nandigam,23,04782
Andhra Pradesh,28,28,Srikakulam,01,542,Saravakota,20,04788
Andhra Pradesh,28,28,Vizianagaram,02,543,Vangara,01,04785
Andhra Pradesh,28,28,Parvathipuram Manyam,03,743,Palakonda,06,04784
Andhra Pradesh,28,28,Srikakulam,01,542,Lakshminarsupeta,03,04787
Andhra Pradesh,28,28,Srikakulam,01,542,Tekkali,19,04789
Andhra Pradesh,28,28,Srikakulam,01,542,Jalumuru,16,04792
Andhra Pradesh,28,28,Srikakulam,01,542,Santhabommali,18,04790
Andhra Pradesh,28,28,Srikakulam,01,542,Burja,05,04794
Andhra Pradesh,28,28,Srikakulam,01,542,Kotabommali,17,04791
Andhra Pradesh,28,28,Vizianagaram,02,543,Regidiamadalavalasa,02,04786
Andhra Pradesh,28,28,Srikakulam,01,542,Sarubujjili,04,04793
Andhra Pradesh,28,28,Vizianagaram,02,543,Santhakaviti,03,04795
Andhra Pradesh,28,28,Vizianagaram,02,543,Rajam,04,04796
Andhra Pradesh,28,28,Srikakulam,01,542,Narasannapeta,15,04799
Andhra Pradesh,28,28,Srikakulam,01,542,Polaki,14,04800
Andhra Pradesh,28,28,Srikakulam,01,542,Amadalavalasa,06,04798
Andhra Pradesh,28,28,Srikakulam,01,542,Ganguvarisigadam,08,04797
Andhra Pradesh,28,28,Srikakulam,01,542,Srikakulam,12,04802
Andhra Pradesh,28,28,Srikakulam,01,542,Ponduru,07,04803
Andhra Pradesh,28,28,Srikakulam,01,542,Gara,13,04801
Andhra Pradesh,28,28,Srikakulam,01,542,Etcherla,11,04806
Andhra Pradesh,28,28,Srikakulam,01,542,Laveru,09,04804
Andhra Pradesh,28,28,Srikakulam,01,542,Ranastalam,10,04805
Andhra Pradesh,28,28,Parvathipuram Manyam,03,743,Gummalakshmipuram,02,04808
Andhra Pradesh,28,28,Parvathipuram Manyam,03,743,Komarada,01,04807
Andhra Pradesh,28,28,Parvathipuram Manyam,03,743,Kurupam,03,04809
Andhra Pradesh,28,28,Parvathipuram Manyam,03,743,Jiyyammavalasa,08,04810
Andhra Pradesh,28,28,Parvathipuram Manyam,03,743,Parvathipuram,12,04812
Andhra Pradesh,28,28,Parvathipuram Manyam,03,743,Garugubilli,09,04811
Andhra Pradesh,28,28,Parvathipuram Manyam,03,743,Salur,14,04817
Andhra Pradesh,28,28,Parvathipuram Manyam,03,743,Makkuva,13,04813
Andhra Pradesh,28,28,Parvathipuram Manyam,03,743,Seethanagaram,11,04814
Andhra Pradesh,28,28,Parvathipuram Manyam,03,743,Balijipeta,10,04815
Andhra Pradesh,28,28,Vizianagaram,02,543,Bobbili,06,04816
Andhra Pradesh,28,28,Vizianagaram,02,543,Therlam,05,04821
Andhra Pradesh,28,28,Parvathipuram Manyam,03,743,Pachipenta,15,04818
Andhra Pradesh,28,28,Vizianagaram,02,543,Ramabhadrapuram,07,04819
Andhra Pradesh,28,28,Vizianagaram,02,543,Badangi,08,04820
Andhra Pradesh,28,28,Vizianagaram,02,543,Merakamudidam,09,04822
Andhra Pradesh,28,28,Vizianagaram,02,543,Dattirajeru,14,04823
Andhra Pradesh,28,28,Vizianagaram,02,543,Mentada,15,04824
Andhra Pradesh,28,28,Vizianagaram,02,543,Garividi,10,04826
Andhra Pradesh,28,28,Vizianagaram,02,543,Gajapathinagaram,13,04825
Andhra Pradesh,28,28,Vizianagaram,02,543,Cheepurupalle,11,04827
Andhra Pradesh,28,28,Vizianagaram,02,543,Gurla,12,04828
Andhra Pradesh,28,28,Vizianagaram,02,543,Bondapalle,16,04829
Andhra Pradesh,28,28,Vizianagaram,02,543,Nellimarla,17,04837
Andhra Pradesh,28,28,Vizianagaram,02,543,Gantyada,22,04830
Andhra Pradesh,28,28,Vizianagaram,02,543,Srungavarapukota,23,04831
Andhra Pradesh,28,28,Vizianagaram,02,543,Vizianagaram,21,04836
Andhra Pradesh,28,28,Vizianagaram,02,543,Pusapatirega,18,04838
Andhra Pradesh,28,28,Vizianagaram,02,543,Denkada,20,04839
Andhra Pradesh,28,28,Vizianagaram,02,543,Jami,24,04835
Andhra Pradesh,28,28,Vizianagaram,02,543,Vepada,27,04832
Andhra Pradesh,28,28,Vizianagaram,02,543,Bhogapuram,19,04840
Andhra Pradesh,28,28,Vizianagaram,02,543,Lakkavarapukota,26,04833
Andhra Pradesh,28,28,Vizianagaram,02,543,Kothavalasa,25,04834
Andhra Pradesh,28,28,Eluru,11,748,Polavaram,03,04949
Andhra Pradesh,28,28,Eluru,11,748,Buttayagudem,04,04948
Andhra Pradesh,28,28,Eluru,11,748,Jeelugu Milli,05,04947
Andhra Pradesh,28,28,East Godavari,09,545,Gopalapuram,12,04951
Andhra Pradesh,28,28,Eluru,11,748,T.Narasapuram,10,04946
Andhra Pradesh,28,28,Eluru,11,748,Chintalapudi,11,04944
Andhra Pradesh,28,28,Eluru,11,748,Jangareddigudem,06,04953
Andhra Pradesh,28,28,Eluru,11,748,Koyyalagudem,07,04952
Andhra Pradesh,28,28,East Godavari,09,545,Tallapudi,11,04950
Andhra Pradesh,28,28,East Godavari,09,545,Devarapalle,13,04957
Andhra Pradesh,28,28,East Godavari,09,545,Kovvur,15,04958
Andhra Pradesh,28,28,Eluru,11,748,Kamavarapukota,09,04954
Andhra Pradesh,28,28,Eluru,11,748,Dwaraka Tirumala,08,04955
Andhra Pradesh,28,28,East Godavari,09,545,Nallajerla,14,04956
Andhra Pradesh,28,28,East Godavari,09,545,Chagallu,16,04959
Andhra Pradesh,28,28,Eluru,11,748,Lingapalem,13,04945
Andhra Pradesh,28,28,West Godavari,10,546,Tadepalligudem,01,04961
Andhra Pradesh,28,28,East Godavari,09,545,Nidadavole,17,04960
Andhra Pradesh,28,28,Eluru,11,748,Pedavegi,14,04964
Andhra Pradesh,28,28,Eluru,11,748,Ungutur,17,04962
Andhra Pradesh,28,28,Eluru,11,748,Denduluru,15,04967
Andhra Pradesh,28,28,East Godavari,09,545,Peravali,19,04971
Andhra Pradesh,28,28,East Godavari,09,545,Undrajavaram,18,04970
Andhra Pradesh,28,28,Eluru,11,748,Bhimadole,16,04963
Andhra Pradesh,28,28,West Godavari,10,546,Tanuku,03,04972
Andhra Pradesh,28,28,West Godavari,10,546,Pentapadu,02,04969
Andhra Pradesh,28,28,Eluru,11,748,Eluru,24,04966
Andhra Pradesh,28,28,Eluru,11,748,Nidamarru,19,04968
Andhra Pradesh,28,28,West Godavari,10,546,Ganapavaram,18,04974
Andhra Pradesh,28,28,West Godavari,10,546,Attili,04,04973
Andhra Pradesh,28,28,West Godavari,10,546,Iragavaram,05,04979
Andhra Pradesh,28,28,Eluru,11,748,Pedapadu,25,04965
Andhra Pradesh,28,28,West Godavari,10,546,Penugonda,06,04980
Andhra Pradesh,28,28,West Godavari,10,546,Penumantra,07,04978
Andhra Pradesh,28,28,West Godavari,10,546,Akividu,11,04975
Andhra Pradesh,28,28,West Godavari,10,546,Undi,10,04976
Andhra Pradesh,28,28,West Godavari,10,546,Palacoderu,09,04977
Andhra Pradesh,28,28,West Godavari,10,546,Achanta,19,04981
Andhra Pradesh,28,28,West Godavari,10,546,Veeravasaram,08,04983
Andhra Pradesh,28,28,West Godavari,10,546,Poduru,18,04982
Andhra Pradesh,28,28,West Godavari,10,546,Palacole,16,04988
Andhra Pradesh,28,28,West Godavari,10,546,Bhimavaram,13,04984
Andhra Pradesh,28,28,West Godavari,10,546,Kalla,12,04985
Andhra Pradesh,28,28,West Godavari,10,546,Yelamanchili,17,04989
Andhra Pradesh,28,28,West Godavari,10,546,Narasapuram,15,04987
Andhra Pradesh,28,28,West Godavari,10,546,Mogalthur,14,04986
Andhra Pradesh,28,28,Annamayya,24,753,Peddamandyam,17,05369
Andhra Pradesh,28,28,Annamayya,24,753,Mulakalacheruvu,19,05367
Andhra Pradesh,28,28,Annamayya,24,753,Thamballapalle,18,05368
Andhra Pradesh,28,28,Tirupati,26,752,Thottambedu,13,05379
Andhra Pradesh,28,28,Tirupati,26,752,Srikalahasti,15,05378
Andhra Pradesh,28,28,Annamayya,24,753,Gurramkonda,23,05370
Andhra Pradesh,28,28,Annamayya,24,753,Kambhamvaripalle,14,05372
Andhra Pradesh,28,28,Annamayya,24,753,Kalakada,24,05371
Andhra Pradesh,28,28,Tirupati,26,752,Yerravaripalem,20,05374
Andhra Pradesh,28,28,Tirupati,26,752,Yerpedu,16,05377
Andhra Pradesh,28,28,Annamayya,24,753,Pileru,25,05386
Andhra Pradesh,28,28,Annamayya,24,753,Pedda Thippasamudram,20,05390
Andhra Pradesh,28,28,Tirupati,26,752,Buchinaidu  Kandriga,29,05380
Andhra Pradesh,28,28,Annamayya,24,753,Kalikiri,26,05387
Andhra Pradesh,28,28,Chittoor,25,554,Rompicherla,01,05373
Andhra Pradesh,28,28,Tirupati,26,752,Renigunta,17,05376
Andhra Pradesh,28,28,Annamayya,24,753,Kurabalakota,22,05389
Andhra Pradesh,28,28,Annamayya,24,753,B.Kothakota,21,05391
Andhra Pradesh,28,28,Annamayya,24,753,Vayalpad,27,05388
Andhra Pradesh,28,28,Tirupati,26,752,Chinnagottigallu,19,05385
Andhra Pradesh,28,28,Tirupati,26,752,Tirupati (Urban),18,05383
Andhra Pradesh,28,28,Tirupati,26,752,Varadaiahpalem,30,05381
Andhra Pradesh,28,28,Tirupati,26,752,K.V.B.Puram,28,05382
Andhra Pradesh,28,28,Annamayya,24,753,Madanapalle,29,05392
Andhra Pradesh,28,28,Chittoor,25,554,Sodam,03,05394
Andhra Pradesh,28,28,Tirupati,26,752,Chandragiri,22,05384
Andhra Pradesh,28,28,Chittoor,25,554,Pulicherla,02,05395
Andhra Pradesh,28,28,Tirupati,26,752,Tirupati (Rural),24,05375
Andhra Pradesh,28,28,Annamayya,24,753,Nimmanapalle,28,05393
Andhra Pradesh,28,28,Tirupati,26,752,Vadamalapeta,25,05399
Andhra Pradesh,28,28,Chittoor,25,554,Somala,19,05412
Andhra Pradesh,28,28,Tirupati,26,752,Ramachandrapuram,23,05398
Andhra Pradesh,28,28,Tirupati,26,752,Satyavedu,32,05402
Andhra Pradesh,28,28,Tirupati,26,752,Pakala,21,05396
Andhra Pradesh,28,28,Chittoor,25,554,Punganur,21,05415
Andhra Pradesh,28,28,Tirupati,26,752,Puttur,26,05407
Andhra Pradesh,28,28,Chittoor,25,554,Chowdepalle,20,05413
Andhra Pradesh,28,28,Tirupati,26,752,Nagalapuram,33,05403
Andhra Pradesh,28,28,Chittoor,25,554,Vedurukuppam,07,05397
Andhra Pradesh,28,28,Chittoor,25,554,Irala,04,05411
Andhra Pradesh,28,28,Annamayya,24,753,Ramasamudram,30,05414
Andhra Pradesh,28,28,Tirupati,26,752,Pichatur,34,05401
Andhra Pradesh,28,28,Chittoor,25,554,Karvetinagar,08,05408
Andhra Pradesh,28,28,Chittoor,25,554,Puthalapattu,05,05410
Andhra Pradesh,28,28,Chittoor,25,554,Nindra,09,05404
Andhra Pradesh,28,28,Tirupati,26,752,Narayanavanam,27,05400
Andhra Pradesh,28,28,Chittoor,25,554,Penumuru,06,05409
Andhra Pradesh,28,28,Chittoor,25,554,Peddapanjani,22,05416
Andhra Pradesh,28,28,Chittoor,25,554,Nagari,11,05406
Andhra Pradesh,28,28,Chittoor,25,554,Thavanampalle,18,05418
Andhra Pradesh,28,28,Chittoor,25,554,Srirangarajapuram,12,05419
Andhra Pradesh,28,28,Chittoor,25,554,Vijayapuram,10,05405
Andhra Pradesh,28,28,Chittoor,25,554,Gangadharanellore,14,05420
Andhra Pradesh,28,28,Chittoor,25,554,Bangarupalem,24,05429
Andhra Pradesh,28,28,Chittoor,25,554,Gangavaram,23,05417
Andhra Pradesh,28,28,Chittoor,25,554,Chittoor,16,05421
Andhra Pradesh,28,28,Chittoor,25,554,Palasamudram,13,05432
Andhra Pradesh,28,28,Chittoor,25,554,Palamaner,25,05422
Andhra Pradesh,28,28,Chittoor,25,554,Yadamarri,17,05430
Andhra Pradesh,28,28,Chittoor,25,554,Baireddipalle,26,05423
Andhra Pradesh,28,28,Chittoor,25,554,Gudipala,15,05431
Andhra Pradesh,28,28,Chittoor,25,554,Venkatagirikota,27,05424
Andhra Pradesh,28,28,Chittoor,25,554,Ramakuppam,28,05428
Andhra Pradesh,28,28,Chittoor,25,554,Santhipuram,29,05425
Andhra Pradesh,28,28,Chittoor,25,554,Gudupalle,30,05426
Andhra Pradesh,28,28,Chittoor,25,554,Kuppam,31,05427
Andhra Pradesh,28,28,Alluri Sitharama Raju,04,745,G.Madugula,08,04848
Andhra Pradesh,28,28,Alluri Sitharama Raju,04,745,Vararamachandrapuram,17,04733
Andhra Pradesh,28,28,Eluru,11,748,Kukunoor,01,04735
Andhra Pradesh,28,28,Alluri Sitharama Raju,04,745,Kunavaram,18,04731
Andhra Pradesh,28,28,Eluru,11,748,Velairpadu,02,04734
Andhra Pradesh,28,28,Alluri Sitharama Raju,04,745,Chintur,20,04732
Andhra Pradesh,28,28,Alluri Sitharama Raju,04,745,Nellipaka,19,04730
Andhra Pradesh,28,28,Parvathipuram Manyam,03,743,Seethampeta,05,04770
